Index,Estimator,% Change in CV Error,% of Features Dropped
0,LinearRegression,-4.661559236471713,60.714285714285715
1,RandomForestRegressor,-15.743214065088695,78.57142857142857
2,XGBRegressor,-11.513175466327663,39.28571428571429
3,LGBMRegressor,-9.88401572244102,39.28571428571429
